City_ID,City,Lat,Lng,Max Temp,Humidity,Cloudiness,Wind Speed,Country,Date
0,Albany,42.6001,-73.9662,30.0,72,100,1.25,US,2021-02-07 20:54:03
1,Vanimo,-2.6741,141.3028,77.32,86,100,4.34,PG,2021-02-07 20:51:33
2,Rikitea,-23.1203,-134.9692,77.65,72,96,11.97,PF,2021-02-07 20:49:24
3,Goderich,43.7501,-81.7165,10.4,67,100,14.97,CA,2021-02-07 20:54:03
4,Saskatoon,52.1168,-106.6345,-25.01,68,1,3.44,CA,2021-02-07 20:51:26
5,Mananjary,-21.2167,48.3333,79.5,87,100,12.55,MG,2021-02-07 20:54:04
6,Barrow,71.2906,-156.7887,-23.8,76,1,11.5,US,2021-02-07 20:54:04
7,Ponta Do Sol,32.6667,-17.1,59.0,69,40,5.99,PT,2021-02-07 20:54:04
8,Svetlogorsk,52.6333,29.7333,6.64,92,100,3.87,BY,2021-02-07 20:54:04
9,Yellowknife,62.456,-114.3525,-32.01,61,1,4.61,CA,2021-02-07 20:51:35
10,Vaini,-21.2,-175.2,78.8,78,75,12.66,TO,2021-02-07 20:49:13
11,Kapaa,22.0752,-159.319,73.0,56,1,3.13,US,2021-02-07 20:49:05
12,Bluff,-46.6,168.3333,58.26,73,97,5.21,NZ,2021-02-07 20:54:04
13,Mataura,-46.1927,168.8643,63.41,57,98,2.89,NZ,2021-02-07 20:54:05
14,Buin,-33.7333,-70.75,77.0,47,0,5.75,CL,2021-02-07 20:54:05
15,Jamestown,42.097,-79.2353,16.0,79,90,16.11,US,2021-02-07 20:54:05
16,Khash,28.2211,61.2158,45.55,43,2,2.98,IR,2021-02-07 20:54:05
17,Chokurdakh,70.6333,147.9167,-18.98,87,100,8.77,RU,2021-02-07 20:54:05
18,Busselton,-33.65,115.3333,62.01,99,87,1.99,AU,2021-02-07 20:49:29
19,San Quintin,30.4833,-115.95,65.53,52,1,9.95,MX,2021-02-07 20:54:05
20,Butaritari,3.0707,172.7902,81.28,80,96,19.91,KI,2021-02-07 20:49:16
21,Kavaratti,10.5669,72.642,80.56,71,3,7.31,IN,2021-02-07 20:54:06
22,Port Elizabeth,-33.918,25.5701,66.2,94,90,6.91,ZA,2021-02-07 20:54:06
23,Kulhudhuffushi,6.6221,73.07,81.12,74,99,8.41,MV,2021-02-07 20:54:06
24,Port Alfred,-33.5906,26.891,66.99,95,98,7.85,ZA,2021-02-07 20:49:41
25,Saskylakh,71.9167,114.0833,-37.32,78,28,13.71,RU,2021-02-07 20:53:42
26,Hobart,-42.8794,147.3294,55.4,58,40,13.8,AU,2021-02-07 20:54:06
27,Avarua,-21.2078,-159.775,84.2,74,20,13.8,CK,2021-02-07 20:54:05
28,Narsaq,60.9167,-46.05,37.4,28,53,49.48,GL,2021-02-07 20:51:35
29,Bambous Virieux,-20.3428,57.7575,80.6,78,75,9.22,MU,2021-02-07 20:54:07
30,Herat,34.5,62.0,50.45,40,0,3.56,AF,2021-02-07 20:54:07
31,New Norfolk,-42.7826,147.0587,55.0,67,33,1.99,AU,2021-02-07 20:50:18
32,Punta Arenas,-53.15,-70.9167,71.6,23,0,13.8,CL,2021-02-07 20:49:25
33,Yumen,40.2833,97.2,27.12,74,56,6.49,CN,2021-02-07 20:54:07
34,Chapais,49.7834,-74.8492,15.8,73,90,9.22,CA,2021-02-07 20:52:08
35,Padang,-0.9492,100.3543,75.2,88,20,2.3,ID,2021-02-07 20:54:07
36,Bilibino,68.0546,166.4372,0.25,75,1,6.31,RU,2021-02-07 20:49:27
37,Qaqortoq,60.7167,-46.0333,37.4,28,54,49.48,GL,2021-02-07 20:52:06
38,Khatanga,71.9667,102.5,-30.3,80,0,10.11,RU,2021-02-07 20:54:08
39,Hervey Bay,-25.2986,152.8535,80.01,88,18,3.0,AU,2021-02-07 20:54:08
40,Mahebourg,-20.4081,57.7,80.6,78,75,9.22,MU,2021-02-07 20:52:08
41,Mizdah,31.4451,12.9801,63.99,35,48,17.98,LY,2021-02-07 20:52:19
42,Manjacaze,-24.7117,33.8828,74.66,87,100,3.44,MZ,2021-02-07 20:54:08
43,Tiksi,71.6872,128.8694,-28.14,85,31,4.79,RU,2021-02-07 20:51:31
44,Banda Aceh,5.5577,95.3222,78.84,79,48,5.79,ID,2021-02-07 20:49:16
45,Grindavik,63.8424,-22.4338,32.0,69,0,16.11,IS,2021-02-07 20:54:09
46,Victoria,22.2855,114.1577,66.99,78,0,12.59,HK,2021-02-07 20:49:18
47,Neiafu,-18.65,-173.9833,78.8,89,90,13.8,TO,2021-02-07 20:54:09
48,Oktyabrskiy,54.4815,53.471,-4.88,88,100,12.91,RU,2021-02-07 20:54:09
49,Jumla,29.2747,82.1838,35.24,57,0,6.11,NP,2021-02-07 20:53:09
50,Hushitai,41.9322,123.5114,5.0,78,0,2.24,CN,2021-02-07 20:54:09
51,Parfino,57.9731,31.6481,8.46,96,66,3.74,RU,2021-02-07 20:54:09
52,Ushuaia,-54.8,-68.3,60.8,55,40,8.05,AR,2021-02-07 20:54:09
53,Salalah,17.0151,54.0924,73.4,68,75,3.44,OM,2021-02-07 20:54:10
54,Puerto Ayora,-0.7393,-90.3518,86.0,66,40,20.71,EC,2021-02-07 20:54:10
55,Chara,56.9064,118.2631,-8.14,75,100,0.56,RU,2021-02-07 20:54:10
56,Nikolskoye,59.7035,30.7861,17.6,86,75,13.42,RU,2021-02-07 20:49:31
57,Hirado,33.3597,129.5531,48.0,34,61,3.0,JP,2021-02-07 20:54:10
58,Komsomolskiy,40.4272,71.7189,41.0,81,99,6.91,UZ,2021-02-07 20:54:10
59,Aklavik,68.2191,-135.0107,-16.6,69,90,13.8,CA,2021-02-07 20:51:16
60,Cockburn Town,21.4612,-71.1419,80.6,74,20,16.37,TC,2021-02-07 20:53:47
61,Zyryanka,65.75,150.85,-18.2,85,100,18.21,RU,2021-02-07 20:54:11
62,Tarakan,3.3,117.6333,78.84,84,100,7.36,ID,2021-02-07 20:54:11
63,Saint-Philippe,-21.3585,55.7679,80.6,74,0,4.61,RE,2021-02-07 20:54:11
64,Egvekinot,66.3167,-179.1667,-12.12,84,0,13.76,RU,2021-02-07 20:49:50
65,Achacachi,-16.05,-68.6833,54.88,63,61,7.25,BO,2021-02-07 20:54:11
66,Pauini,-7.7136,-66.9764,82.96,89,98,1.79,BR,2021-02-07 20:54:11
67,Bredasdorp,-34.5322,20.0403,64.4,68,5,5.75,ZA,2021-02-07 20:49:33
68,Atuona,-9.8,-139.0333,79.47,75,18,21.61,PF,2021-02-07 20:54:11
69,Camacha,33.0833,-16.3333,60.8,88,75,18.41,PT,2021-02-07 20:54:12
70,Lebu,-37.6167,-73.65,62.56,78,9,6.4,CL,2021-02-07 20:51:50
71,Vinh Yen,21.31,105.5967,69.8,78,40,1.14,VN,2021-02-07 20:54:12
72,Conde,-7.2597,-34.9075,84.2,74,75,11.5,BR,2021-02-07 20:53:18
73,East London,-33.0153,27.9116,71.76,84,100,8.14,ZA,2021-02-07 20:54:12
74,Onverwacht,5.5833,-55.1833,80.6,89,40,6.91,SR,2021-02-07 20:54:12
75,Cururupu,-1.8283,-44.8683,80.24,79,4,4.99,BR,2021-02-07 20:54:13
76,Dimbokro,6.6451,-4.7048,85.37,59,77,6.91,CI,2021-02-07 20:54:13
77,Avera,33.194,-82.5271,51.8,66,75,9.22,US,2021-02-07 20:52:12
78,Oka,45.4649,-74.0889,24.01,74,100,4.61,CA,2021-02-07 20:54:13
79,Kahului,20.8947,-156.47,75.2,57,1,8.05,US,2021-02-07 20:54:13
80,Sorland,67.667,12.6934,30.2,80,40,6.91,NO,2021-02-07 20:54:13
81,Ulaangom,49.9811,92.0667,-5.49,90,100,0.25,MN,2021-02-07 20:54:13
82,Rio Gallegos,-51.6226,-69.2181,68.0,40,0,23.02,AR,2021-02-07 20:54:13
83,Bay Roberts,47.5999,-53.2648,30.99,67,0,7.0,CA,2021-02-07 20:54:14
84,Ekibastuz,51.6667,75.3667,15.24,94,97,12.01,KZ,2021-02-07 20:54:14
85,Playas,-2.6333,-80.3833,80.56,73,53,10.67,EC,2021-02-07 20:54:14
86,Bethel,41.3712,-73.414,28.99,93,90,4.61,US,2021-02-07 20:50:09
87,Kodiak,57.79,-152.4072,26.6,74,1,4.61,US,2021-02-07 20:49:26
88,Kaitangata,-46.2817,169.8464,64.0,81,100,1.99,NZ,2021-02-07 20:54:14
89,Pangnirtung,66.1451,-65.7125,33.8,44,20,16.11,CA,2021-02-07 20:49:44
90,Saint George,37.1041,-113.5841,61.0,25,1,4.61,US,2021-02-07 20:53:17
91,Ribeira Grande,38.5167,-28.7,59.0,77,40,9.22,PT,2021-02-07 20:54:15
92,Malaya Serdoba,52.4661,44.9512,-6.23,90,97,12.1,RU,2021-02-07 20:54:15
93,Tuktoyaktuk,69.4541,-133.0374,-25.6,68,75,16.11,CA,2021-02-07 20:51:19
94,Ust-Maya,60.4167,134.5333,-33.57,82,98,2.51,RU,2021-02-07 20:54:15
95,Pozzuoli,40.832,14.11,55.99,94,75,6.91,IT,2021-02-07 20:54:15
96,Neyyattinkara,8.4,77.0833,78.8,83,20,4.7,IN,2021-02-07 20:54:15
97,Puerto Baquerizo Moreno,-0.9,-89.6,84.2,79,75,14.97,EC,2021-02-07 20:54:15
98,Santa Lucia,27.9117,-15.5407,64.4,68,40,10.36,ES,2021-02-07 20:54:15
99,Hilo,19.7297,-155.09,78.8,53,1,4.61,US,2021-02-07 20:49:49
100,Upernavik,72.7868,-56.1549,18.34,79,2,2.84,GL,2021-02-07 20:50:52
101,Haines Junction,60.7522,-137.5108,-16.6,52,16,1.14,CA,2021-02-07 20:53:37
102,Sobolevo,54.4299,31.8996,-0.94,93,47,5.95,RU,2021-02-07 20:54:16
103,Tam Ky,15.5667,108.4833,73.4,83,75,2.3,VN,2021-02-07 20:54:16
104,Yulara,-25.2406,130.9889,73.4,35,0,6.91,AU,2021-02-07 20:54:16
105,Eyl,7.9803,49.8164,75.16,79,2,17.38,SO,2021-02-07 20:54:16
106,Dikson,73.5069,80.5464,-32.1,85,90,15.93,RU,2021-02-07 20:54:16
107,Itapaci,-14.9508,-49.5494,69.15,94,100,9.48,BR,2021-02-07 20:54:16
108,Saldanha,-33.0117,17.9442,64.4,68,0,14.97,ZA,2021-02-07 20:54:17
109,Camacari,-12.6975,-38.3242,84.2,74,40,17.27,BR,2021-02-07 20:54:17
110,Havre-Saint-Pierre,50.2334,-63.5986,24.8,63,1,13.8,CA,2021-02-07 20:49:43
111,Longyearbyen,78.2186,15.6401,14.0,67,75,16.11,SJ,2021-02-07 20:54:17
112,Zhangye,38.9342,100.4517,27.28,71,67,1.97,CN,2021-02-07 20:54:17
113,Somanda,-3.3667,33.95,69.57,80,99,4.5,TZ,2021-02-07 20:54:17
114,Sukumo,32.9333,132.7333,47.08,71,0,9.19,JP,2021-02-07 20:54:18
115,Klaksvik,62.2266,-6.589,35.6,75,75,10.36,FO,2021-02-07 20:54:18
116,Chuy,-33.6971,-53.4616,71.53,67,16,10.45,UY,2021-02-07 20:49:26
117,Almaznyy,48.0448,40.045,14.0,79,0,4.47,RU,2021-02-07 20:54:18
118,Fort Nelson,58.8053,-122.7002,-14.8,76,75,10.36,CA,2021-02-07 20:54:18
119,Lompoc,34.6391,-120.4579,66.0,72,1,12.66,US,2021-02-07 20:49:27
120,Codrington,-38.2667,141.9667,57.06,71,100,11.95,AU,2021-02-07 20:53:39
121,Pacific Grove,36.6177,-121.9166,64.0,71,1,6.91,US,2021-02-07 20:49:49
122,Opuwo,-18.0607,13.84,73.96,30,76,7.18,NA,2021-02-07 20:54:19
123,Port Lincoln,-34.7333,135.8667,60.12,78,81,15.05,AU,2021-02-07 20:52:47
124,Leningradskiy,69.3833,178.4167,-14.53,82,0,6.78,RU,2021-02-07 20:54:19
125,Hermon,44.8101,-68.9134,27.0,68,90,5.75,US,2021-02-07 20:54:19
126,Shimoda,34.6667,138.95,39.99,60,0,1.01,JP,2021-02-07 20:54:19
127,Marovoay,-16.1,46.6333,78.8,94,40,2.3,MG,2021-02-07 20:54:19
128,Caravelas,-17.7125,-39.2481,76.82,90,100,8.61,BR,2021-02-07 20:51:57
129,Airai,-8.9266,125.4092,60.73,100,100,2.62,TL,2021-02-07 20:54:20
130,Eureka,40.8021,-124.1637,54.0,73,2,4.0,US,2021-02-07 20:53:51
131,Birjand,32.8663,59.2211,44.6,24,0,6.91,IR,2021-02-07 20:54:20
132,Benemerito De Las Americas,16.5167,-90.6439,88.25,49,0,5.77,MX,2021-02-07 20:54:20
133,Kirovskiy,45.0917,133.5136,-18.15,88,82,1.23,RU,2021-02-07 20:54:20
134,Hermanus,-34.4187,19.2345,64.99,79,5,4.21,ZA,2021-02-07 20:50:07
135,Souillac,-20.5167,57.5167,80.6,78,75,9.22,MU,2021-02-07 20:49:50
136,Ornes,66.8689,13.7078,32.0,59,75,11.5,NO,2021-02-07 20:54:21
137,Cabra,37.4725,-4.4421,48.0,81,97,3.0,ES,2021-02-07 20:54:21
138,Hithadhoo,-0.6,73.0833,82.27,69,59,8.32,MV,2021-02-07 20:54:21
139,Tianpeng,30.9866,103.9393,52.0,1,93,1.48,CN,2021-02-07 20:54:21
140,Nouakchott,18.0858,-15.9785,68.0,24,0,8.05,MR,2021-02-07 20:51:22
141,Saint-Georges,12.0564,-61.7485,80.6,74,75,19.57,GD,2021-02-07 20:51:43
142,Ilulissat,69.2167,-51.1,24.8,39,0,6.91,GL,2021-02-07 20:54:22
143,Port Hardy,50.6996,-127.4199,39.2,93,75,6.91,CA,2021-02-07 20:54:22
144,Qaanaaq,77.484,-69.3632,12.56,85,59,6.87,GL,2021-02-07 20:54:22
145,Daru,-9.0763,143.2092,77.99,88,97,9.71,PG,2021-02-07 20:54:22
146,Thompson,55.7435,-97.8558,-27.4,68,75,14.97,CA,2021-02-07 20:51:12
147,Deputatskiy,69.3,139.9,-28.57,85,2,1.74,RU,2021-02-07 20:54:22
148,Chipinge,-20.1883,32.6236,64.96,95,82,3.62,ZW,2021-02-07 20:54:22
149,Kaeo,-35.1,173.7833,70.0,74,31,7.0,NZ,2021-02-07 20:54:23
150,Viamao,-30.0811,-51.0233,82.4,42,0,9.22,BR,2021-02-07 20:54:23
151,Hambantota,6.1241,81.1185,77.02,81,9,16.15,LK,2021-02-07 20:54:23
152,Torbay,47.6666,-52.7314,30.99,64,20,26.46,CA,2021-02-07 20:54:23
153,Berlevag,70.8578,29.0864,24.8,74,75,29.93,NO,2021-02-07 20:54:23
154,Port Macquarie,-31.4333,152.9167,72.0,87,100,1.01,AU,2021-02-07 20:53:13
155,Castro,-24.7911,-50.0119,70.72,67,0,4.92,BR,2021-02-07 20:54:23
156,Yola,9.2,12.4833,78.15,17,95,1.83,NG,2021-02-07 20:54:24
157,Kjollefjord,70.9457,27.3465,28.4,59,75,26.46,NO,2021-02-07 20:54:24
158,Nelson Bay,-32.7167,152.15,71.01,78,40,11.5,AU,2021-02-07 20:54:24
159,Belyy,55.8402,32.9419,3.34,94,95,4.52,RU,2021-02-07 20:54:24
160,Mareeba,-17.0,145.4333,80.01,100,100,1.81,AU,2021-02-07 20:49:47
161,Arraial Do Cabo,-22.9661,-42.0278,73.4,88,75,4.61,BR,2021-02-07 20:51:15
162,Bonfim,3.0833,-59.95,91.92,43,41,5.44,BR,2021-02-07 20:52:24
163,Shelburne,44.0787,-80.2041,17.01,78,96,14.0,CA,2021-02-07 20:54:24
164,Corinth,37.9407,22.9573,57.0,54,91,3.6,GR,2021-02-07 20:54:25
165,Mlonggo,-6.5333,110.7,77.02,90,100,16.24,ID,2021-02-07 20:54:25
166,Kununurra,-15.7667,128.7333,78.8,82,90,4.61,AU,2021-02-07 20:52:41
167,Nadym,65.5333,72.5167,2.43,94,100,19.01,RU,2021-02-07 20:54:25
168,Cayambe,0.05,-78.1333,71.6,53,40,20.71,EC,2021-02-07 20:54:25
169,Hajos,46.3986,19.1206,43.0,99,100,13.06,HU,2021-02-07 20:54:25
170,Vostok,46.4856,135.8833,-15.72,90,100,3.15,RU,2021-02-07 20:54:25
171,Nadvoitsy,63.8667,34.3167,-4.32,92,16,4.88,RU,2021-02-07 20:54:26
172,Cape Town,-33.9258,18.4232,68.0,63,0,18.41,ZA,2021-02-07 20:51:19
173,Shunyi,40.125,116.6453,30.0,53,0,2.24,CN,2021-02-07 20:54:26
174,Guangyuan,32.442,105.823,43.0,56,53,2.57,CN,2021-02-07 20:54:26
175,Kaseda,31.4167,130.3167,53.49,69,15,14.16,JP,2021-02-07 20:54:26
176,Lorengau,-2.0226,147.2712,82.18,78,100,6.64,PG,2021-02-07 20:52:25
177,Catazaja,17.725,-92.0167,84.87,58,2,4.41,MX,2021-02-07 20:54:26
178,Xining,36.6167,101.7667,22.98,55,11,2.26,CN,2021-02-07 20:54:26
179,Bilma,18.6853,12.9164,69.35,20,100,7.74,NE,2021-02-07 20:51:55
180,Husavik,66.0449,-17.3389,32.0,80,90,2.3,IS,2021-02-07 20:51:53
181,Chernyshkovskiy,48.4219,42.2308,16.95,75,94,7.74,RU,2021-02-07 20:54:27
182,Matay,28.419,30.7792,56.84,50,5,3.27,EG,2021-02-07 20:54:27
183,Caceres,39.522,-6.3748,48.0,90,100,7.0,ES,2021-02-07 20:50:29
184,Mar Del Plata,-38.0023,-57.5575,61.0,94,90,13.8,AR,2021-02-07 20:54:28
185,Genhe,50.7833,121.5167,-21.71,85,0,2.62,CN,2021-02-07 20:54:28
186,Adrar,20.5022,-10.0711,60.04,32,0,9.28,MR,2021-02-07 20:54:28
187,Buffalo,42.8865,-78.8784,19.0,61,84,5.01,US,2021-02-07 20:53:33
188,Andenes,69.3143,16.1194,32.0,74,75,20.71,NO,2021-02-07 20:54:28
189,Rawlins,41.7911,-107.2387,33.8,40,90,36.82,US,2021-02-07 20:54:28
190,Vardo,70.3705,31.1107,23.0,86,90,36.82,NO,2021-02-07 20:54:28
191,Yantal,56.8471,105.2542,18.48,93,99,5.37,RU,2021-02-07 20:54:28
192,Astana,51.1801,71.446,19.4,93,90,15.66,KZ,2021-02-07 20:50:37
193,Cayenne,4.9333,-52.3333,82.4,78,90,13.8,GF,2021-02-07 20:52:44
194,Grojec,51.8625,20.8676,15.01,10,98,20.58,PL,2021-02-07 20:54:29
195,Miraflores,19.2167,-98.8083,77.0,13,1,11.5,MX,2021-02-07 20:54:29
196,Carnarvon,-24.8667,113.6333,75.2,100,40,6.91,AU,2021-02-07 20:54:29
197,Sola,-13.8833,167.55,81.03,76,100,9.33,VU,2021-02-07 20:54:29
198,Norman Wells,65.282,-126.8329,-22.0,76,40,2.3,CA,2021-02-07 20:54:29
199,Kruisfontein,-34.0033,24.7314,64.99,89,98,1.01,ZA,2021-02-07 20:54:29
200,Zalantun,48.0,122.7167,-9.22,83,0,6.67,CN,2021-02-07 20:54:30
201,Banjar,-8.19,114.9675,80.6,83,20,3.44,ID,2021-02-07 20:54:30
202,Anyang,36.0994,114.3289,31.69,80,0,0.74,CN,2021-02-07 20:54:30
203,Quelimane,-17.8786,36.8883,77.14,88,90,1.54,MZ,2021-02-07 20:54:30
204,Lata,40.1629,-8.3327,55.99,92,100,5.01,PT,2021-02-07 20:49:57
205,Kolobrzeg,54.1757,15.5834,18.0,65,72,25.95,PL,2021-02-07 20:54:30
206,Athens,37.9795,23.7162,61.0,82,20,4.76,GR,2021-02-07 20:50:53
207,La Fria,8.2203,-72.2439,86.0,54,40,8.05,VE,2021-02-07 20:54:31
208,Zhezkazgan,47.8043,67.7144,29.08,99,100,23.64,KZ,2021-02-07 20:54:31
209,Boyolangu,-8.1181,111.8935,75.02,91,100,6.85,ID,2021-02-07 20:49:52
210,Pitimbu,-7.4706,-34.8086,84.2,74,75,11.5,BR,2021-02-07 20:51:37
211,Acapulco,16.8634,-99.8901,86.0,62,20,9.22,MX,2021-02-07 20:50:13
212,Culebra,18.303,-65.301,82.4,57,1,14.97,PR,2021-02-07 20:54:31
213,Hoquiam,46.9809,-123.8893,46.0,76,75,12.66,US,2021-02-07 20:54:31
214,Kasangulu,-4.5911,15.1708,73.4,88,20,13.8,CD,2021-02-07 20:54:31
215,Ulagan,50.6321,87.9563,13.17,84,82,4.0,RU,2021-02-07 20:54:32
216,Cherskiy,68.75,161.3,-3.69,68,6,1.48,RU,2021-02-07 20:51:10
217,San Policarpo,12.1791,125.5072,80.04,83,100,20.58,PH,2021-02-07 20:54:32
218,Petropavlovsk-Kamchatskiy,53.0452,158.6483,24.8,68,75,4.47,RU,2021-02-07 20:54:32
219,Sivakasi,9.45,77.8167,70.54,65,0,7.58,IN,2021-02-07 20:52:19
220,Yabrud,33.9674,36.6574,46.4,87,0,5.75,SY,2021-02-07 20:54:32
221,Dunedin,-45.8742,170.5036,61.0,88,87,1.01,NZ,2021-02-07 20:52:29
222,Geraldton,-28.7667,114.6,66.2,88,90,8.05,AU,2021-02-07 20:50:13
223,Henties Bay,-22.116,14.2845,64.99,87,77,5.01,NA,2021-02-07 20:54:32
224,Margate,51.3813,1.3862,30.99,82,100,7.0,GB,2021-02-07 20:49:41
225,Esperance,-33.8667,121.9,62.6,88,75,13.8,AU,2021-02-07 20:49:53
226,Totma,59.9747,42.7642,-19.03,87,92,6.82,RU,2021-02-07 20:54:33
227,Touros,-5.1989,-35.4608,84.2,70,40,16.11,BR,2021-02-07 20:54:33
228,Wattegama,6.7989,81.4808,72.55,91,11,6.44,LK,2021-02-07 20:54:33
229,Dingle,10.9995,122.6711,75.09,94,100,8.32,PH,2021-02-07 20:52:46
230,Praia Da Vitoria,38.7333,-27.0667,57.2,77,40,14.63,PT,2021-02-07 20:49:37
231,Kloulklubed,7.0419,134.2556,77.0,100,90,4.61,PW,2021-02-07 20:54:34
232,Semirom,31.4167,51.5667,29.37,97,93,3.38,IR,2021-02-07 20:54:29
233,Yadgir,16.7667,77.1333,64.78,41,90,6.73,IN,2021-02-07 20:54:34
234,Kavieng,-2.5744,150.7967,83.37,72,75,7.78,PG,2021-02-07 20:51:56
235,Berezovyy,51.6667,135.7,0.97,83,100,6.91,RU,2021-02-07 20:54:34
236,Enid,36.3956,-97.8784,28.4,93,90,9.22,US,2021-02-07 20:54:34
237,Shibetsu,43.659,145.132,8.49,89,9,8.16,JP,2021-02-07 20:54:34
238,Imeni Poliny Osipenko,52.4201,136.4853,-1.34,87,100,0.47,RU,2021-02-07 20:54:34
239,Eydhafushi,5.1033,73.0708,81.23,72,13,8.66,MV,2021-02-07 20:54:35
240,Dharangaon,21.0167,75.2667,63.14,28,48,7.85,IN,2021-02-07 20:54:35
241,Severo-Kurilsk,50.6789,156.125,18.0,88,96,10.49,RU,2021-02-07 20:52:09
242,Superior,46.7208,-92.1041,-2.0,34,1,16.11,US,2021-02-07 20:54:35
243,Malyn,50.7723,29.2383,10.4,79,100,6.71,UA,2021-02-07 20:54:35
244,Puerto Carreno,6.189,-67.4859,92.23,43,100,7.65,CO,2021-02-07 20:54:35
245,Ambon,-3.6954,128.1814,82.99,88,98,4.61,ID,2021-02-07 20:49:47
246,Tomatlan,19.9333,-105.25,83.93,53,0,9.04,MX,2021-02-07 20:54:36
247,Roma,43.2128,-75.4557,27.0,74,90,14.97,US,2021-02-07 20:54:05
248,Legnica,51.2101,16.1619,19.0,78,100,15.01,PL,2021-02-07 20:54:36
249,Usvyaty,55.7456,30.7533,3.96,95,74,4.25,RU,2021-02-07 20:54:36
250,Cortes,41.9395,-1.4396,52.0,71,90,2.3,ES,2021-02-07 20:54:36
251,Auki,-8.7676,160.7034,80.98,81,7,5.68,SB,2021-02-07 20:54:36
252,Bayanday,53.0661,105.5139,7.75,88,59,2.13,RU,2021-02-07 20:54:37
253,Moerai,-22.4333,-151.3333,80.96,73,62,10.07,PF,2021-02-07 20:54:37
254,Kallithea,37.95,23.7,62.01,82,20,6.13,GR,2021-02-07 20:54:37
255,Flin Flon,54.7682,-101.865,-27.4,56,1,14.97,CA,2021-02-07 20:54:37
256,Tasiilaq,65.6145,-37.6368,24.8,54,0,16.11,GL,2021-02-07 20:54:37
257,Pocos De Caldas,-21.7878,-46.5614,71.6,68,40,3.58,BR,2021-02-07 20:54:37
258,Maun,-19.9833,23.4167,71.6,100,40,5.75,BW,2021-02-07 20:54:37
259,Daud Khel,32.875,71.5701,56.71,53,0,2.08,PK,2021-02-07 20:54:37
260,Tigil,57.8,158.6667,26.85,93,4,20.0,RU,2021-02-07 20:54:38
261,Port Blair,11.6667,92.75,77.45,82,10,11.77,IN,2021-02-07 20:54:38
262,Isangel,-19.55,169.2667,78.8,83,20,6.29,VU,2021-02-07 20:49:50
263,Mokobeng,-22.9965,27.6678,69.64,83,100,4.32,BW,2021-02-07 20:54:38
264,San Patricio,28.017,-97.5169,72.0,40,20,14.97,US,2021-02-07 20:54:38
265,Chandbali,20.7833,86.7667,61.3,78,0,5.77,IN,2021-02-07 20:54:38
266,Zheleznogorsk-Ilimskiy,56.5768,104.1217,15.46,94,96,7.43,RU,2021-02-07 20:54:38
267,Luanda,-8.8368,13.2343,78.8,83,40,6.91,AO,2021-02-07 20:51:29
268,Indramayu,-6.3264,108.32,78.26,87,100,14.32,ID,2021-02-07 20:54:39
269,Santiago Del Estero,-27.7951,-64.2615,95.0,35,0,5.99,AR,2021-02-07 20:54:39
270,Ayan,56.45,138.1667,-5.85,85,100,21.5,RU,2021-02-07 20:54:39
271,Zabol,32.25,67.25,45.64,47,0,5.82,AF,2021-02-07 20:54:39
272,Fortuna,40.5982,-124.1573,55.0,81,20,12.66,US,2021-02-07 20:50:03
273,Pucallpa,-8.3791,-74.5539,89.6,62,40,8.05,PE,2021-02-07 20:54:39
274,Puerto Colombia,10.9878,-74.9547,89.6,55,20,16.11,CO,2021-02-07 20:51:36
275,Mount Darwin,-16.7725,31.5838,68.36,95,100,1.7,ZW,2021-02-07 20:49:52
276,Weyburn,49.6668,-103.8511,-16.6,63,70,10.36,CA,2021-02-07 20:54:40
277,Maniitsoq,65.4167,-52.9,26.67,79,0,19.93,GL,2021-02-07 20:54:40
278,Zhanaozen,43.3,52.8,30.43,84,35,13.73,KZ,2021-02-07 20:54:40
279,Kaspiysk,42.8816,47.6392,30.2,80,90,15.66,RU,2021-02-07 20:54:40
280,Kiama,-34.6833,150.8667,66.99,84,70,3.0,AU,2021-02-07 20:54:40
281,Sarahan,31.5167,77.8,39.51,51,0,10.54,IN,2021-02-07 20:54:40
282,Vaitape,-16.5167,-151.75,81.32,74,1,12.01,PF,2021-02-07 20:49:49
283,Matara,5.9485,80.5353,74.19,90,0,4.27,LK,2021-02-07 20:54:40
284,Shingu,33.7333,135.9833,45.54,69,0,10.47,JP,2021-02-07 20:54:41
285,Haicheng,40.8516,122.7475,12.42,86,0,1.61,CN,2021-02-07 20:54:41
286,Provideniya,64.3833,-173.3,-3.77,80,66,16.44,RU,2021-02-07 20:54:41
287,Tabat,-2.635,115.2274,73.89,97,100,1.12,ID,2021-02-07 20:54:41
288,Tromso,69.6496,18.957,25.0,93,75,11.5,NO,2021-02-07 20:49:51
289,Kosa,59.9445,54.9977,-19.71,87,100,8.61,RU,2021-02-07 20:54:41
290,Carangola,-20.7331,-42.0294,67.44,90,100,3.62,BR,2021-02-07 20:54:42
291,Wabag,-5.4781,143.7021,55.81,91,100,2.44,PG,2021-02-07 20:54:42
292,Medina Del Campo,41.3124,-4.9141,44.01,100,90,10.36,ES,2021-02-07 20:54:42
293,Flinders,-34.5833,150.8552,66.99,78,46,1.99,AU,2021-02-07 20:51:36
294,Havoysund,70.9963,24.6622,28.4,59,75,26.46,NO,2021-02-07 20:54:42
295,Katsuura,35.1333,140.3,42.01,52,40,3.44,JP,2021-02-07 20:54:42
296,Fairbanks,64.8378,-147.7164,-9.0,75,20,4.61,US,2021-02-07 20:54:42
297,Baykit,61.67,96.37,25.11,95,99,6.2,RU,2021-02-07 20:54:43
298,Corinto,37.9407,22.9573,57.0,54,91,3.6,GR,2021-02-07 20:54:25
299,Liverpool,53.4106,-2.9779,35.6,60,90,18.41,GB,2021-02-07 20:50:30
300,Ferme-Neuve,46.7001,-75.4493,23.0,63,100,5.75,CA,2021-02-07 20:53:12
301,Los Llanos De Aridane,28.6585,-17.9182,62.6,72,20,4.61,ES,2021-02-07 20:54:43
302,Bodden Town,19.2833,-81.25,84.99,65,20,11.5,KY,2021-02-07 20:54:43
303,Mamallapuram,12.6264,80.1722,71.6,88,99,3.44,IN,2021-02-07 20:50:19
304,Khandagayty,50.7333,92.05,-2.92,88,98,1.77,RU,2021-02-07 20:54:44
305,Bengkulu,-3.8004,102.2655,75.31,83,99,6.78,ID,2021-02-07 20:54:44
306,Coos Bay,43.3665,-124.2179,51.01,71,90,6.91,US,2021-02-07 20:54:44
307,Krasnoborsk,61.5598,45.934,-19.28,85,100,8.59,RU,2021-02-07 20:54:44
308,Levelland,33.5873,-102.378,73.99,9,20,9.22,US,2021-02-07 20:51:25
309,Borogontsy,62.6683,131.1683,-35.77,81,0,2.8,RU,2021-02-07 20:54:44
310,Denpasar,-8.65,115.2167,80.6,83,20,3.44,ID,2021-02-07 20:54:44
311,Golyshmanovo,56.3979,68.3728,0.55,92,100,13.65,RU,2021-02-07 20:54:44
312,Kobelyaky,49.1489,34.1965,14.36,81,98,8.52,UA,2021-02-07 20:54:45
313,Okhotsk,59.3833,143.3,12.94,88,100,22.26,RU,2021-02-07 20:54:45
314,Srednekolymsk,67.45,153.6833,-10.17,84,98,3.89,RU,2021-02-07 20:51:32
315,Elizabeth City,36.2946,-76.2511,42.8,81,90,19.57,US,2021-02-07 20:52:28
316,The Valley,18.217,-63.0578,82.4,65,40,12.66,AI,2021-02-07 20:54:45
317,Alice Springs,-23.7,133.8833,73.99,37,52,5.75,AU,2021-02-07 20:54:45
318,San Andres,12.5847,-81.7006,86.0,66,20,10.36,CO,2021-02-07 20:52:14
319,Marystown,47.1666,-55.1483,29.91,90,36,27.72,CA,2021-02-07 20:54:45
320,Arman,59.7,150.1667,11.32,84,100,18.05,RU,2021-02-07 20:54:46
321,Guerrero Negro,27.9769,-114.0611,77.02,18,0,7.4,MX,2021-02-07 20:50:22
322,Zakamensk,50.3741,103.2863,2.59,87,50,3.65,RU,2021-02-07 20:54:46
323,Viedma,-40.8135,-62.9967,64.0,58,82,15.64,AR,2021-02-07 20:54:46
324,Georgetown,5.4112,100.3354,80.6,83,20,3.44,MY,2021-02-07 20:54:46
325,Abay,49.6311,72.8539,24.8,93,90,4.47,KZ,2021-02-07 20:54:46
326,Ahipara,-35.1667,173.1667,68.83,65,12,9.84,NZ,2021-02-07 20:54:46
327,Sur,22.5667,59.5289,64.36,73,0,4.34,OM,2021-02-07 20:54:47
328,Pueblo Nuevo,23.3833,-105.3833,69.06,23,75,7.54,MX,2021-02-07 20:54:47
329,Nouadhibou,20.931,-17.0347,66.2,68,0,19.57,MR,2021-02-07 20:54:47
330,Temizhbekskaya,45.4456,40.845,25.03,99,100,1.81,RU,2021-02-07 20:54:47
331,Vagur,61.4732,-6.8119,37.65,76,94,22.79,FO,2021-02-07 20:54:47
332,Katangli,51.7102,143.2326,3.9,94,100,17.29,RU,2021-02-07 20:54:47
333,Kyaukse,21.6,96.1333,64.35,69,46,1.66,MM,2021-02-07 20:54:48
334,Porto Novo,6.4965,2.6036,86.0,79,40,12.66,BJ,2021-02-07 20:51:11
335,Shipunovo,52.1582,82.2173,18.12,94,45,11.5,RU,2021-02-07 20:54:48
336,Sivas,39.7916,37.0019,32.0,74,0,6.91,TR,2021-02-07 20:54:48
337,Basco,20.4487,121.9702,73.96,83,99,23.0,PH,2021-02-07 20:51:14
338,Sunrise Manor,36.2111,-115.0731,66.99,21,1,2.17,US,2021-02-07 20:54:48
339,Hirara,24.8,125.2833,68.77,69,60,10.13,JP,2021-02-07 20:54:48
340,Fort Smith,35.3859,-94.3986,41.0,75,90,9.22,US,2021-02-07 20:54:48
341,Lahuachaca,-17.3667,-67.6667,61.23,43,84,9.46,BO,2021-02-07 20:54:48
342,Zhaotong,27.3167,103.7167,36.72,89,100,7.29,CN,2021-02-07 20:54:49
343,Abeche,13.8292,20.8324,69.76,20,18,12.48,TD,2021-02-07 20:54:49
344,Iqaluit,63.7506,-68.5145,26.6,74,75,6.91,CA,2021-02-07 20:54:49
345,Mehamn,71.0357,27.8492,28.4,74,75,29.93,NO,2021-02-07 20:54:49
346,Yeniseysk,58.4497,92.1703,23.41,93,70,9.22,RU,2021-02-07 20:54:49
347,Bataipora,-22.2953,-53.2711,80.89,68,38,2.51,BR,2021-02-07 20:52:22
348,Pevek,69.7008,170.3133,-6.92,86,0,1.34,RU,2021-02-07 20:54:49
349,Kajaani,64.2273,27.7285,12.2,92,75,3.44,FI,2021-02-07 20:54:49
350,Shache,38.4167,77.2406,31.78,82,54,3.69,CN,2021-02-07 20:50:14
351,Ahuimanu,21.4447,-157.8378,75.2,46,20,3.44,US,2021-02-07 20:52:04
352,Fonte Boa,-2.4959,-66.2662,83.86,84,90,0.89,BR,2021-02-07 20:54:50
353,Manbij,36.5281,37.9549,46.4,93,15,10.92,SY,2021-02-07 20:54:50
354,Meulaboh,4.1363,96.1285,76.69,87,47,4.36,ID,2021-02-07 20:53:09
355,Vytegra,61.0064,36.4481,-8.14,91,86,3.24,RU,2021-02-07 20:54:50
356,Wanning,18.8003,110.3967,68.45,90,58,4.34,CN,2021-02-07 20:54:51
357,Aguimes,27.9054,-15.4461,64.4,68,40,10.36,ES,2021-02-07 20:54:51
358,Chicama,-7.8447,-79.1469,73.4,78,0,14.97,PE,2021-02-07 20:54:51
359,Kolokani,13.5728,-8.0339,75.65,19,98,8.28,ML,2021-02-07 20:54:51
360,Port Moresby,-9.4431,147.1797,77.0,94,90,10.36,PG,2021-02-07 20:54:51
361,Yugo-Kamskiy,57.7053,55.5894,-4.0,77,75,11.18,RU,2021-02-07 20:54:51
362,Ostrovnoy,68.0531,39.5131,3.94,92,79,13.73,RU,2021-02-07 20:54:52
363,Hualmay,-11.0964,-77.6139,75.72,65,99,9.64,PE,2021-02-07 20:54:52
364,Soacha,4.5794,-74.2168,71.6,49,40,10.36,CO,2021-02-07 20:50:39
365,Lahan,26.7296,86.4951,57.94,53,0,3.91,NP,2021-02-07 20:54:52
366,Terrasini,38.146,13.0844,59.0,72,40,6.91,IT,2021-02-07 20:54:52
367,Cidreira,-30.1811,-50.2056,74.41,65,0,9.1,BR,2021-02-07 20:54:52
368,Sao Filipe,14.8961,-24.4956,69.87,74,100,13.65,CV,2021-02-07 20:50:29
369,Mayumba,-3.432,10.6554,78.87,86,100,5.17,GA,2021-02-07 20:54:52
370,Derzhavinsk,51.1,66.3167,13.15,96,100,4.7,KZ,2021-02-07 20:54:53
371,Sao Francisco De Assis,-29.5503,-55.1311,83.55,49,0,7.87,BR,2021-02-07 20:54:53
372,Providencia,28.7167,-111.5833,78.01,27,0,5.99,MX,2021-02-07 20:54:53
373,Casimcea,44.7333,28.3667,45.0,100,90,9.22,RO,2021-02-07 20:54:54
374,Ewa Beach,21.3156,-158.0072,77.0,41,1,5.75,US,2021-02-07 20:54:54
375,Faanui,-16.4833,-151.75,81.07,76,2,12.62,PF,2021-02-07 20:54:54
376,Sao Joao Da Barra,-21.6403,-41.0511,71.6,100,90,7.23,BR,2021-02-07 20:54:54
377,Grand Gaube,-20.0064,57.6608,81.0,76,74,1.01,MU,2021-02-07 20:53:46
378,Sitka,57.0531,-135.33,33.8,47,1,5.75,US,2021-02-07 20:51:14
379,Doka,13.5167,35.7667,68.22,34,0,15.59,SD,2021-02-07 20:54:54
380,Hope,33.6671,-93.5916,45.0,68,99,4.0,US,2021-02-07 20:54:54
381,Aksarka,66.5606,67.7975,-17.46,88,100,29.46,RU,2021-02-07 20:54:55
382,Erzin,36.9559,36.2,57.2,77,40,11.5,TR,2021-02-07 20:54:54
383,Vung Tau,10.346,107.0843,74.52,85,100,17.27,VN,2021-02-07 20:54:55
384,Arlit,18.7369,7.3853,72.14,17,100,6.02,NE,2021-02-07 20:54:55
385,Gunjur,13.2019,-16.7339,75.11,46,98,11.3,GM,2021-02-07 20:54:55
386,Siilinjarvi,63.0833,27.6667,15.8,86,90,6.91,FI,2021-02-07 20:54:55
387,Palu,-0.8917,119.8707,76.21,81,74,1.77,ID,2021-02-07 20:54:55
388,Algiers,36.7525,3.042,53.6,82,40,9.22,DZ,2021-02-07 20:54:50
389,Moyale,3.5167,39.0584,76.05,40,62,11.1,KE,2021-02-07 20:54:55
390,Bow Island,49.8668,-111.3684,-5.8,59,100,2.3,CA,2021-02-07 20:54:56
391,Tshikapa,-6.4167,20.8,72.95,82,67,1.63,CD,2021-02-07 20:54:56
392,Tambura,5.6,27.4667,68.13,24,96,4.97,SS,2021-02-07 20:54:56
393,Maragogi,-9.0122,-35.2225,79.48,79,90,11.03,BR,2021-02-07 20:54:56
394,Namatanai,-3.6667,152.4333,81.05,79,100,3.22,PG,2021-02-07 20:50:16
395,Peterhead,57.5058,-1.7981,33.8,69,20,17.27,GB,2021-02-07 20:54:56
396,Longhua,23.6137,114.1919,59.76,70,34,1.59,CN,2021-02-07 20:54:56
397,Vao,-22.6667,167.4833,77.02,83,79,1.88,NC,2021-02-07 20:54:56
398,Elko,41.0002,-115.5012,50.0,18,1,19.57,US,2021-02-07 20:54:57
399,Rincon,32.296,-81.2354,51.8,66,75,14.97,US,2021-02-07 20:54:57
400,Broome,42.2506,-75.833,28.99,74,90,8.05,US,2021-02-07 20:54:57
401,Severnoye,56.3491,78.3619,10.24,94,100,17.09,RU,2021-02-07 20:54:57
402,Zonguldak,41.25,31.8333,50.09,56,100,4.07,TR,2021-02-07 20:54:57
403,Shakiso,5.75,38.9167,67.3,46,96,4.83,ET,2021-02-07 20:54:57
404,Igrim,63.1906,64.4162,-3.82,92,100,10.8,RU,2021-02-07 20:54:57
405,Nhulunbuy,-12.2333,136.7667,78.8,94,40,9.22,AU,2021-02-07 20:54:58
406,Kijang,35.2442,129.2139,35.6,27,0,9.22,KR,2021-02-07 20:54:58
407,Anchorage,61.2181,-149.9003,12.0,78,75,3.44,US,2021-02-07 20:54:58
408,Buy,58.4786,41.53,-17.32,87,10,7.67,RU,2021-02-07 20:54:58
409,Luderitz,-26.6481,15.1594,70.05,57,0,29.12,NA,2021-02-07 20:54:58
410,Terenos,-20.4422,-54.8603,84.2,45,40,8.05,BR,2021-02-07 20:54:58
411,Barcelos,41.5388,-8.6151,55.4,100,90,21.85,PT,2021-02-07 20:54:58
412,Murgab,37.4966,61.9714,50.0,71,75,2.42,TM,2021-02-07 20:54:58
413,Vila Velha,-20.3297,-40.2925,71.6,94,90,11.5,BR,2021-02-07 20:53:54
414,Rocha,-34.4833,-54.3333,69.73,80,98,10.13,UY,2021-02-07 20:50:00
415,West Wendover,40.7391,-114.0733,57.2,7,1,26.46,US,2021-02-07 20:54:59
416,Hasaki,35.7333,140.8333,32.0,86,40,3.44,JP,2021-02-07 20:51:56
417,Marcavelica,-4.8778,-80.7053,93.02,36,0,18.1,PE,2021-02-07 20:54:59
418,Faya,18.3851,42.4509,57.2,41,0,3.44,SA,2021-02-07 20:54:59
419,Yangambi,0.8102,24.4336,70.93,42,96,1.86,CD,2021-02-07 20:55:00
420,Passo Fundo,-28.2628,-52.4067,73.33,76,0,4.99,BR,2021-02-07 20:55:00
421,Cajabamba,-7.6167,-78.05,66.36,59,96,5.73,PE,2021-02-07 20:55:00
422,Taltal,-25.4,-70.4833,69.37,62,29,7.9,CL,2021-02-07 20:52:26
423,Lima,-12.0432,-77.0282,77.0,69,75,11.5,PE,2021-02-07 20:52:15
424,Paracin,43.8608,21.4078,50.0,66,0,17.27,RS,2021-02-07 20:54:22
425,Nanortalik,60.1432,-45.2371,29.23,89,91,9.24,GL,2021-02-07 20:55:01
426,Gorom-Gorom,14.4439,-0.2361,79.95,17,25,10.6,BF,2021-02-07 20:55:01
427,Ode,7.7899,5.7117,77.88,18,63,3.8,NG,2021-02-07 20:55:01
428,Asfi,32.2994,-9.2372,58.03,72,95,5.93,MA,2021-02-07 20:55:01
429,Huarmey,-10.0681,-78.1522,76.64,62,99,10.2,PE,2021-02-07 20:55:01
430,Laguna,38.421,-121.4238,64.99,55,1,3.89,US,2021-02-07 20:55:01
431,Axim,4.8699,-2.2405,80.38,85,89,10.47,GH,2021-02-07 20:53:45
432,Lusambo,-4.9667,23.45,71.73,82,100,0.4,CD,2021-02-07 20:55:02
433,Sjenica,43.2731,19.9994,36.0,83,1,6.06,RS,2021-02-07 20:55:02
434,Kasongo,-4.45,26.6667,69.62,94,98,2.26,CD,2021-02-07 20:55:02
435,Constitucion,-35.3333,-72.4167,65.61,72,3,8.43,CL,2021-02-07 20:55:02
436,Ubinskoye,55.3068,79.6802,11.84,95,100,18.21,RU,2021-02-07 20:55:02
437,Benguela,-12.5763,13.4055,76.08,76,100,3.38,AO,2021-02-07 20:55:02
438,Saint-Augustin,51.226,-58.6502,24.4,92,9,15.84,CA,2021-02-07 20:53:02
439,Priyutnoye,46.1011,43.5072,26.64,79,100,4.52,RU,2021-02-07 20:55:03
440,Nantucket,41.2835,-70.0995,34.0,100,90,26.46,US,2021-02-07 20:55:03
441,Doha,25.2867,51.5333,68.0,77,0,10.36,QA,2021-02-07 20:52:35
442,Olafsvik,64.8945,-23.7142,34.93,81,17,13.67,IS,2021-02-07 20:55:03
443,Muana,-1.5283,-49.2167,83.07,74,30,6.22,BR,2021-02-07 20:55:04
444,Yinchuan,38.4681,106.2731,31.62,78,100,4.56,CN,2021-02-07 20:55:04
445,Williston,48.147,-103.618,-7.01,65,100,7.0,US,2021-02-07 20:52:19
446,Tilichiki,60.4667,166.1,9.9,96,100,15.23,RU,2021-02-07 20:55:04
447,Sinnamary,5.3833,-52.95,78.33,84,100,14.36,GF,2021-02-07 20:55:04
448,Malanje,-9.5402,16.341,65.28,95,100,5.64,AO,2021-02-07 20:51:13
449,Santa Margherita Ligure,44.3346,9.212,53.01,79,100,14.97,IT,2021-02-07 20:55:05
450,Hami,42.8,93.45,31.28,77,70,3.69,CN,2021-02-07 20:55:05
451,Dongsheng,39.8161,109.9776,21.06,74,69,3.13,CN,2021-02-07 20:55:05
452,Christchurch,-43.5333,172.6333,73.0,72,8,4.61,NZ,2021-02-07 20:51:58
453,Ixtapa,20.7,-105.2,75.2,69,20,12.66,MX,2021-02-07 20:55:05
454,Hammerfest,70.6634,23.6821,23.0,74,75,21.85,NO,2021-02-07 20:55:05
455,Port Arthur,38.8,121.2667,21.2,58,0,4.47,CN,2021-02-07 20:55:05
456,Nizhnevartovsk,60.9344,76.5531,15.8,73,100,20.13,RU,2021-02-07 20:53:05
457,Broken Hill,-31.95,141.4333,59.0,58,0,5.75,AU,2021-02-07 20:52:04
458,Oistins,13.0667,-59.5333,77.99,76,4,20.11,BB,2021-02-07 20:55:06
459,Palana,59.1167,159.9667,13.77,91,68,33.76,RU,2021-02-07 20:55:06
460,San Lazaro,18.0387,-88.6622,87.8,66,40,11.5,BZ,2021-02-07 20:55:06
461,Kihei,20.785,-156.4656,75.2,57,1,8.05,US,2021-02-07 20:50:08
462,Smithers,54.7804,-127.1743,12.2,79,75,0.13,CA,2021-02-07 20:50:59
463,Mount Gambier,-37.8333,140.7667,55.4,76,90,9.22,AU,2021-02-07 20:53:14
464,Riverton,40.5219,-111.9391,53.6,35,1,8.05,US,2021-02-07 20:50:10
465,Diapaga,12.0708,1.7889,81.3,17,19,7.2,BF,2021-02-07 20:55:07
466,Vila Franca Do Campo,37.7167,-25.4333,57.99,82,40,12.66,PT,2021-02-07 20:55:07
467,Lasa,46.6166,10.7002,39.2,100,90,0.69,IT,2021-02-07 20:55:07
468,Houston,29.7633,-95.3633,66.99,51,1,13.8,US,2021-02-07 20:51:00
469,Cabo San Lucas,22.8909,-109.9124,75.0,60,20,5.75,MX,2021-02-07 20:55:08
470,Seoul,37.5683,126.9778,24.8,54,0,10.36,KR,2021-02-07 20:54:50
471,Acarau,-2.8856,-40.12,81.93,75,0,16.6,BR,2021-02-07 20:55:08
472,Pangai,-19.8,-174.35,77.0,100,90,11.5,TO,2021-02-07 20:55:08
473,Gornopravdinsk,60.05,69.9,3.61,93,100,9.51,RU,2021-02-07 20:55:08
474,Mathbaria,22.2876,89.9593,59.14,49,0,6.06,BD,2021-02-07 20:55:08
475,Pahrump,36.2083,-115.9839,62.01,20,0,5.01,US,2021-02-07 20:51:50
476,San Vicente,-26.6167,-54.1333,81.37,38,16,4.74,AR,2021-02-07 20:55:09
477,Evensk,61.95,159.2333,16.12,86,100,34.4,RU,2021-02-07 20:55:09
478,Igbo Ora,7.4333,3.2833,82.29,70,92,7.34,NG,2021-02-07 20:55:09
479,Lagoa,39.05,-27.9833,58.05,76,100,19.77,PT,2021-02-07 20:55:09
480,Dunda,-8.1167,34.25,67.46,90,100,3.67,TZ,2021-02-07 20:55:09
481,Poyarkovo,49.6,128.6833,-17.77,87,0,7.7,RU,2021-02-07 20:55:09
482,Iwanai,42.9744,140.5089,18.9,93,97,11.88,JP,2021-02-07 20:55:09
483,Tres Arroyos,-38.3739,-60.2798,60.51,69,100,16.44,AR,2021-02-07 20:55:10
484,Carballo,43.213,-8.691,51.01,96,100,1.01,ES,2021-02-07 20:53:10
485,Arnissa,40.8,21.8333,48.99,10,56,1.01,GR,2021-02-07 20:55:10
486,Sayyan,15.1718,44.3244,47.62,53,1,5.86,YE,2021-02-07 20:55:10
487,Bukama,-9.2,25.85,71.06,94,100,1.77,CD,2021-02-07 20:55:10
488,Lincolnton,35.4737,-81.2545,51.8,40,1,5.75,US,2021-02-07 20:55:11
489,Machilipatnam,16.1667,81.1333,70.97,82,72,6.67,IN,2021-02-07 20:55:11
490,Butembo,0.15,29.2833,59.43,56,19,2.91,CD,2021-02-07 20:55:11
491,Kukmor,56.1855,50.8944,-8.81,89,100,13.69,RU,2021-02-07 20:55:11
492,Casambalangan,18.3765,122.1274,74.88,85,33,6.26,PH,2021-02-07 20:55:11
493,Cameron Park,38.6688,-120.9872,64.0,50,0,1.01,US,2021-02-07 20:55:11
494,Kuragino,53.8975,92.6725,17.94,94,96,5.08,RU,2021-02-07 20:55:11
495,Pavlodar,52.3,76.95,21.2,86,90,13.42,KZ,2021-02-07 20:55:12
496,Coquimbo,-29.9533,-71.3436,68.0,60,0,13.8,CL,2021-02-07 20:55:12
497,Massakory,12.996,15.7293,72.05,18,0,9.84,TD,2021-02-07 20:55:12
498,Coihaique,-45.5752,-72.0662,78.8,25,0,5.75,CL,2021-02-07 20:55:12
499,Hamilton,39.1834,-84.5333,24.01,33,75,4.61,US,2021-02-07 20:52:11
500,Suesca,5.1029,-73.7984,71.6,49,40,10.36,CO,2021-02-07 20:55:12
501,Aksu,41.1231,80.2644,28.6,84,94,0.31,CN,2021-02-07 20:55:13
502,Pombia,45.653,8.6336,41.0,100,75,6.91,IT,2021-02-07 20:55:13
503,Jabinyanah,35.035,10.9081,60.8,77,40,13.8,TN,2021-02-07 20:55:13
504,Awbari,26.5921,12.7805,67.73,25,100,9.53,LY,2021-02-07 20:55:13
505,Biswan,27.5,81.0,52.2,73,0,4.43,IN,2021-02-07 20:55:13
506,Springbok,-29.6643,17.8865,61.93,58,0,6.6,ZA,2021-02-07 20:55:13
507,Severo-Yeniseyskiy,60.3725,93.0408,23.97,94,96,15.26,RU,2021-02-07 20:55:13
508,Zanjan,36.6736,48.4787,38.21,75,0,3.8,IR,2021-02-07 20:55:13
509,Magadan,59.5667,150.8,12.78,85,91,19.8,RU,2021-02-07 20:55:14
510,Maltahohe,-24.8333,16.9833,77.2,18,0,1.97,NA,2021-02-07 20:55:14
511,Bend,44.0582,-121.3153,46.4,31,1,5.75,US,2021-02-07 20:53:06
512,Kangaatsiaq,68.3065,-53.4641,20.93,85,0,21.36,GL,2021-02-07 20:54:14
513,La Ronge,55.1001,-105.2842,-27.4,51,62,5.75,CA,2021-02-07 20:52:44
514,Priargunsk,50.3691,119.1012,-21.12,85,0,2.64,RU,2021-02-07 20:55:14
515,Ancud,-41.8697,-73.8203,82.4,30,0,5.75,CL,2021-02-07 20:55:14
516,San Pedro,14.35,121.0167,77.0,78,20,1.14,PH,2021-02-07 20:55:15
517,Anloga,5.7947,0.8973,84.2,84,20,10.36,GH,2021-02-07 20:51:01
518,Panjab,34.388,67.0233,24.13,84,98,3.06,AF,2021-02-07 20:55:15
519,Betioky,-23.7167,44.3833,75.83,84,8,2.51,MG,2021-02-07 20:55:15
520,Altamont,42.2068,-121.7372,48.99,36,1,4.61,US,2021-02-07 20:53:04
521,Pemangkat,1.1667,108.9667,75.07,90,86,6.82,ID,2021-02-07 20:55:15
522,Saint-Pierre,-21.3393,55.4781,80.6,74,0,4.61,RE,2021-02-07 20:55:15
523,San Rafael Del Sur,11.8485,-86.4384,93.2,40,20,16.11,NI,2021-02-07 20:55:16
524,Muros,42.7762,-9.0603,55.99,92,100,5.01,ES,2021-02-07 20:52:00
525,Kohlu,29.8962,69.252,48.47,45,0,1.95,PK,2021-02-07 20:55:16
526,Bayir,37.2687,28.2167,59.0,72,75,10.36,TR,2021-02-07 20:55:16
527,Tuatapere,-46.1333,167.6833,62.08,67,100,6.62,NZ,2021-02-07 20:55:16
528,Ballina,-28.8667,153.5667,75.2,69,90,14.97,AU,2021-02-07 20:55:16
529,Jintur,19.6167,76.7,62.58,28,69,8.14,IN,2021-02-07 20:55:16
530,Rawson,-43.3002,-65.1023,61.61,48,10,12.62,AR,2021-02-07 20:55:17
531,San Cristobal,7.7669,-72.225,86.0,54,40,8.05,VE,2021-02-07 20:55:17
532,Tura,25.5198,90.2201,57.27,46,5,2.91,IN,2021-02-07 20:55:17
533,Suntar,62.1444,117.6319,2.98,93,100,8.7,RU,2021-02-07 20:55:17
534,Kaka,37.3482,59.6143,53.94,57,63,4.03,TM,2021-02-07 20:55:17
535,Bathsheba,13.2167,-59.5167,78.06,76,13,20.18,BB,2021-02-07 20:50:48
536,Ribeirao Branco,-24.2208,-48.7656,70.54,68,1,7.2,BR,2021-02-07 20:55:17
537,Waipawa,-41.4122,175.5153,69.01,77,75,19.57,NZ,2021-02-07 20:55:18
538,Lumut,4.2323,100.6298,78.8,94,40,4.18,MY,2021-02-07 20:55:18
539,Puro,12.4841,123.3827,78.17,84,91,17.22,PH,2021-02-07 20:55:18
540,College,64.8569,-147.8028,-9.0,75,20,4.61,US,2021-02-07 20:55:18
541,Innisfail,-17.5333,146.0333,77.14,89,100,4.32,AU,2021-02-07 20:53:44
542,Dogondoutchi,13.6393,4.0287,79.84,17,80,9.01,NE,2021-02-07 20:55:19
543,Alyangula,-13.8483,136.4192,80.6,89,75,9.22,AU,2021-02-07 20:55:19
